match_log;coeff_logement
M_20;0.1179200775
20_24;0.1272166366
25_39;0.6860220735
40_54;1.0690989442
55_64;1.4068132721
65_79;1.5900767558
80_P;1.5024967216
Ensemble;1.0
