proprietaire;locataire;min
0.5927402915;0.4072597085;0.5927402915
