COUPSENF;COUPAENF;MONO;SEUL;min
0.35717378010285;0.36239623900102;0.05792781954814;0.2225021613;3.1099913546
