Tmm;Tm;Tp;Tpp;min
0.3194381502;0.2730936314;0.2697297535;0.1377384649;2.7222473992
