et_niv0;et_niv1;et_niv2;min
0.5872575675;0.2818577153;0.1308847391;0.825484865
