seul_ind;mono_ind;csenf_ind
2.1640984379;2.3004434261;2.8713976483
