niv0;niv1
0.8560453985;1.2956943472
