pcsmm;pcsm;PCSp
2.5488184234;2.7845631279;3.2886708096
